customer_state,Days_To_Approve,Days_To_Pack,Days_In_Transit
RR,0.375000,3.333333,25.625000
AP,0.625000,2.875000,23.625000
AM,0.375000,2.458333,23.458333
AL,0.458333,2.958333,21.041666
PA,0.500000,2.958333,20.291666
